request_id,node,interest_received,context,expected_target,baseline_forwarded,baseline_outcome,word2vec_forwarded,word2vec_outcome,cosine_similarity
1,edge_centro,/ndn/video/canal1/segment/001,,/ndn/video/canal1/segment/001,/ndn/video/canal1/segment/001,exact,/ndn/video/canal1/segment/001,exact,1.0000
2,edge_norte,/ndn/weather/region/norte/forecast/today,,/ndn/weather/region/norte/forecast/today,/ndn/weather/region/norte/forecast/today,exact,/ndn/weather/region/norte/forecast/today,exact,1.0000
3,edge_sur,/ndn/video/canal1/segment/001,,/ndn/video/canal1/segment/001,/ndn/video/canal1/segment/001,exact,/ndn/video/canal1/segment/001,exact,1.0000
4,edge_centro,/ndn/guide/canal1/now,/ndn/video/canal1/segment/001,/ndn/guide/canal1/now,/ndn/guide/canal1/now,exact,/ndn/guide/canal1/now,exact,1.0000
5,edge_norte,/ndn/news/region/norte/item/002,/ndn/weather/region/norte/forecast/today,/ndn/news/region/norte/item/002,/ndn/news/region/norte/item/002,exact,/ndn/news/region/norte/item/002,exact,1.0000
6,edge_sur,/ndn/guide/canal1/now,/ndn/video/canal1/segment/001,/ndn/guide/canal1/now,/ndn/guide/canal1/now,exact,/ndn/guide/canal1/now,exact,1.0000
7,edge_centro,/ndn/video/canal1/segment/002,/ndn/video/canal1/segment/001 | /ndn/guide/canal1/now,/ndn/video/canal1/segment/002,/ndn/video/canal1/segment/002,exact,/ndn/video/canal1/segment/002,exact,1.0000
8,edge_norte,/ndn/weather/region/norte/forecast/today,/ndn/weather/region/norte/forecast/today | /ndn/news/region/norte/item/002,/ndn/weather/region/norte/forecast/today,/ndn/weather/region/norte/forecast/today,exact,/ndn/weather/region/norte/forecast/today,exact,1.0000
9,edge_sur,/ndn/video/canal1/segment/002,/ndn/video/canal1/segment/001 | /ndn/guide/canal1/now,/ndn/video/canal1/segment/002,/ndn/video/canal1/segment/002,exact,/ndn/video/canal1/segment/002,exact,1.0000
10,edge_centro,/ndn/news/region/centro/item/001,/ndn/guide/canal1/now | /ndn/video/canal1/segment/002,/ndn/news/region/centro/item/001,/ndn/news/region/centro/item/001,exact,/ndn/news/region/centro/item/001,exact,1.0000
11,edge_norte,/ndn/video/canal2/segment/001,/ndn/news/region/norte/item/002 | /ndn/weather/region/norte/forecast/today,/ndn/video/canal2/segment/001,/ndn/video/canal2/segment/001,exact,/ndn/video/canal2/segment/001,exact,1.0000
12,edge_sur,/ndn/weather/region/sur/forecast/today,/ndn/guide/canal1/now | /ndn/video/canal1/segment/002,/ndn/weather/region/sur/forecast/today,/ndn/weather/region/sur/forecast/today,exact,/ndn/weather/region/sur/forecast/today,exact,1.0000
13,edge_centro,/ndn/video/canal1/segment/002,/ndn/video/canal1/segment/002 | /ndn/news/region/centro/item/001,/ndn/video/canal1/segment/002,/ndn/video/canal1/segment/002,exact,/ndn/video/canal1/segment/002,exact,1.0000
14,edge_norte,/ndn/news/region/norte/item/002,/ndn/weather/region/norte/forecast/today | /ndn/video/canal2/segment/001,/ndn/news/region/norte/item/002,/ndn/news/region/norte/item/002,exact,/ndn/news/region/norte/item/002,exact,1.0000
15,edge_sur,/ndn/weather/region/sur/forecast/today,/ndn/video/canal1/segment/002 | /ndn/weather/region/sur/forecast/today,/ndn/weather/region/sur/forecast/today,/ndn/weather/region/sur/forecast/today,exact,/ndn/weather/region/sur/forecast/today,exact,1.0000
16,edge_centro,/ndn/guide/canal1/now,/ndn/news/region/centro/item/001 | /ndn/video/canal1/segment/002,/ndn/guide/canal1/now,/ndn/guide/canal1/now,exact,/ndn/guide/canal1/now,exact,1.0000
17,edge_norte,/ndn/weather/region/norte/forecast/today,/ndn/video/canal2/segment/001 | /ndn/news/region/norte/item/002,/ndn/weather/region/norte/forecast/today,/ndn/weather/region/norte/forecast/today,exact,/ndn/weather/region/norte/forecast/today,exact,1.0000
18,edge_sur,/ndn/news/region/centro/item/001,/ndn/weather/region/sur/forecast/today | /ndn/weather/region/sur/forecast/today,/ndn/news/region/centro/item/001,/ndn/news/region/centro/item/001,exact,/ndn/news/region/centro/item/001,exact,1.0000
19,edge_centro,/ndn/video/canal1/segment/001,/ndn/video/canal1/segment/002 | /ndn/guide/canal1/now,/ndn/video/canal1/segment/001,/ndn/video/canal1/segment/001,exact,/ndn/video/canal1/segment/001,exact,1.0000
20,edge_norte,/ndn/video/canal2/segment/001,/ndn/news/region/norte/item/002 | /ndn/weather/region/norte/forecast/today,/ndn/video/canal2/segment/001,/ndn/video/canal2/segment/001,exact,/ndn/video/canal2/segment/001,exact,1.0000
21,edge_sur,/ndn/weather/region/sur/forecast/today,/ndn/weather/region/sur/forecast/today | /ndn/news/region/centro/item/001,/ndn/weather/region/sur/forecast/today,/ndn/weather/region/sur/forecast/today,exact,/ndn/weather/region/sur/forecast/today,exact,1.0000
22,edge_centro,/ndn/weather/region/centro/forecast/today,/ndn/guide/canal1/now | /ndn/video/canal1/segment/001,/ndn/weather/region/centro/forecast/today,/ndn/weather/region/centro/forecast/today,exact,/ndn/weather/region/centro/forecast/today,exact,1.0000
23,edge_norte,/ndn/guide/canal2/now,/ndn/weather/region/norte/forecast/today | /ndn/video/canal2/segment/001,/ndn/guide/canal2/now,/ndn/guide/canal2/now,exact,/ndn/guide/canal2/now,exact,1.0000
24,edge_sur,/ndn/video/canal1/segment/001,/ndn/news/region/centro/item/001 | /ndn/weather/region/sur/forecast/today,/ndn/video/canal1/segment/001,/ndn/video/canal1/segment/001,exact,/ndn/video/canal1/segment/001,exact,1.0000
25,edge_centro,/ndn/video/canal1/segment/001,/ndn/video/canal1/segment/001 | /ndn/weather/region/centro/forecast/today,/ndn/video/canal1/segment/001,/ndn/video/canal1/segment/001,exact,/ndn/video/canal1/segment/001,exact,1.0000
26,edge_norte,/ndn/weather/region/norte/forecast/today,/ndn/video/canal2/segment/001 | /ndn/guide/canal2/now,/ndn/weather/region/norte/forecast/today,/ndn/weather/region/norte/forecast/today,exact,/ndn/weather/region/norte/forecast/today,exact,1.0000
27,edge_sur,/ndn/video/canal1/segment/002,/ndn/weather/region/sur/forecast/today | /ndn/video/canal1/segment/001,/ndn/video/canal1/segment/002,/ndn/video/canal1/segment/002,exact,/ndn/video/canal1/segment/002,exact,1.0000
28,edge_centro,/ndn/guide/canal1/now,/ndn/weather/region/centro/forecast/today | /ndn/video/canal1/segment/001,/ndn/guide/canal1/now,/ndn/guide/canal1/now,exact,/ndn/guide/canal1/now,exact,1.0000
29,edge_norte,/ndn/news/region/norte/item/002,/ndn/guide/canal2/now | /ndn/weather/region/norte/forecast/today,/ndn/news/region/norte/item/002,/ndn/news/region/norte/item/002,exact,/ndn/news/region/norte/item/002,exact,1.0000
30,edge_sur,/ndn/guide/canal1/now,/ndn/video/canal1/segment/001 | /ndn/video/canal1/segment/002,/ndn/guide/canal1/now,/ndn/guide/canal1/now,exact,/ndn/guide/canal1/now,exact,1.0000
31,edge_centro,/ndn/video/canal1/segment/002,/ndn/video/canal1/segment/001 | /ndn/guide/canal1/now,/ndn/video/canal1/segment/002,/ndn/video/canal1/segment/002,exact,/ndn/video/canal1/segment/002,exact,1.0000
32,edge_norte,/ndn/weather/region/norte/forecast/today,/ndn/weather/region/norte/forecast/today | /ndn/news/region/norte/item/002,/ndn/weather/region/norte/forecast/today,/ndn/weather/region/norte/forecast/today,exact,/ndn/weather/region/norte/forecast/today,exact,1.0000
33,edge_sur,/ndn/video/canal1/segment/001,/ndn/video/canal1/segment/002 | /ndn/guide/canal1/now,/ndn/video/canal1/segment/001,/ndn/video/canal1/segment/001,exact,/ndn/video/canal1/segment/001,exact,1.0000
34,edge_centro,/ndn/video/canal1/segment/001,,/ndn/video/canal1/segment/001,/ndn/video/canal1/segment/001,exact,/ndn/video/canal1/segment/001,exact,1.0000
35,edge_norte,/ndn/weather/region/norte/forecast/today,,/ndn/weather/region/norte/forecast/today,/ndn/weather/region/norte/forecast/today,exact,/ndn/weather/region/norte/forecast/today,exact,1.0000
36,edge_sur,/ndn/guide/canal1/now,/ndn/guide/canal1/now | /ndn/video/canal1/segment/001,/ndn/guide/canal1/now,/ndn/guide/canal1/now,exact,/ndn/guide/canal1/now,exact,1.0000
37,edge_centro,/ndn/guide/canal1/now,/ndn/video/canal1/segment/001,/ndn/guide/canal1/now,/ndn/guide/canal1/now,exact,/ndn/guide/canal1/now,exact,1.0000
38,edge_norte,/ndn/news/region/norte/item/002,/ndn/weather/region/norte/forecast/today,/ndn/news/region/norte/item/002,/ndn/news/region/norte/item/002,exact,/ndn/news/region/norte/item/002,exact,1.0000
39,edge_sur,/ndn/video/canal1/segment/002,/ndn/video/canal1/segment/001 | /ndn/guide/canal1/now,/ndn/video/canal1/segment/002,/ndn/video/canal1/segment/002,exact,/ndn/video/canal1/segment/002,exact,1.0000
40,edge_centro,/ndn/video/canal1/segment/002,/ndn/video/canal1/segment/001 | /ndn/guide/canal1/now,/ndn/video/canal1/segment/002,/ndn/video/canal1/segment/002,exact,/ndn/video/canal1/segment/002,exact,1.0000
41,edge_norte,/ndn/weather/region/norte/forecast/today,/ndn/weather/region/norte/forecast/today | /ndn/news/region/norte/item/002,/ndn/weather/region/norte/forecast/today,/ndn/weather/region/norte/forecast/today,exact,/ndn/weather/region/norte/forecast/today,exact,1.0000
42,edge_sur,/ndn/weather/region/sur/forecast/today,/ndn/guide/canal1/now | /ndn/video/canal1/segment/002,/ndn/weather/region/sur/forecast/today,/ndn/weather/region/sur/forecast/today,exact,/ndn/weather/region/sur/forecast/today,exact,1.0000
43,edge_centro,/ndn/news/region/centro/item/001,/ndn/guide/canal1/now | /ndn/video/canal1/segment/002,/ndn/news/region/centro/item/001,/ndn/news/region/centro/item/001,exact,/ndn/news/region/centro/item/001,exact,1.0000
44,edge_norte,/ndn/video/canal2/segment/001,/ndn/news/region/norte/item/002 | /ndn/weather/region/norte/forecast/today,/ndn/video/canal2/segment/001,/ndn/video/canal2/segment/001,exact,/ndn/video/canal2/segment/001,exact,1.0000
45,edge_sur,/ndn/video/canal1/segment/001,,/ndn/video/canal1/segment/001,/ndn/video/canal1/segment/001,exact,/ndn/video/canal1/segment/001,exact,1.0000
46,edge_centro,/ndn/video/canal1/segment/002,/ndn/video/canal1/segment/002 | /ndn/news/region/centro/item/001,/ndn/video/canal1/segment/002,/ndn/video/canal1/segment/002,exact,/ndn/video/canal1/segment/002,exact,1.0000
47,edge_norte,/ndn/news/region/norte/item/002,/ndn/weather/region/norte/forecast/today | /ndn/video/canal2/segment/001,/ndn/news/region/norte/item/002,/ndn/news/region/norte/item/002,exact,/ndn/news/region/norte/item/002,exact,1.0000
48,edge_sur,/ndn/guide/canal1/now,/ndn/video/canal1/segment/001,/ndn/guide/canal1/now,/ndn/guide/canal1/now,exact,/ndn/guide/canal1/now,exact,1.0000
49,edge_centro,/ndn/guide/canal1/now,/ndn/news/region/centro/item/001 | /ndn/video/canal1/segment/002,/ndn/guide/canal1/now,/ndn/guide/canal1/now,exact,/ndn/guide/canal1/now,exact,1.0000
50,edge_norte,/ndn/weather/region/norte/forecast/today,/ndn/video/canal2/segment/001 | /ndn/news/region/norte/item/002,/ndn/weather/region/norte/forecast/today,/ndn/weather/region/norte/forecast/today,exact,/ndn/weather/region/norte/forecast/today,exact,1.0000
51,edge_sur,/ndn/video/canal1/segment/002,/ndn/video/canal1/segment/001 | /ndn/guide/canal1/now,/ndn/video/canal1/segment/002,/ndn/video/canal1/segment/002,exact,/ndn/video/canal1/segment/002,exact,1.0000
52,edge_centro,/ndn/video/canal1/segment/001,/ndn/video/canal1/segment/002 | /ndn/guide/canal1/now,/ndn/video/canal1/segment/001,/ndn/video/canal1/segment/001,exact,/ndn/video/canal1/segment/001,exact,1.0000
53,edge_norte,/ndn/video/canal2/segment/001,/ndn/news/region/norte/item/002 | /ndn/weather/region/norte/forecast/today,/ndn/video/canal2/segment/001,/ndn/video/canal2/segment/001,exact,/ndn/video/canal2/segment/001,exact,1.0000
54,edge_sur,/ndn/weather/region/sur/forecast/today,/ndn/guide/canal1/now | /ndn/video/canal1/segment/002,/ndn/weather/region/sur/forecast/today,/ndn/weather/region/sur/forecast/today,exact,/ndn/weather/region/sur/forecast/today,exact,1.0000
55,edge_centro,/ndn/weather/region/centro/forecast/today,/ndn/guide/canal1/now | /ndn/video/canal1/segment/001,/ndn/weather/region/centro/forecast/today,/ndn/weather/region/centro/forecast/today,exact,/ndn/weather/region/centro/forecast/today,exact,1.0000
56,edge_norte,/ndn/guide/canal2/now,/ndn/weather/region/norte/forecast/today | /ndn/video/canal2/segment/001,/ndn/guide/canal2/now,/ndn/guide/canal2/now,exact,/ndn/guide/canal2/now,exact,1.0000
57,edge_sur,/ndn/weather/region/sur/forecast/today,/ndn/video/canal1/segment/002 | /ndn/weather/region/sur/forecast/today,/ndn/weather/region/sur/forecast/today,/ndn/weather/region/sur/forecast/today,exact,/ndn/weather/region/sur/forecast/today,exact,1.0000
58,edge_centro,/ndn/video/canal1/segment/001,/ndn/video/canal1/segment/001 | /ndn/weather/region/centro/forecast/today,/ndn/video/canal1/segment/001,/ndn/video/canal1/segment/001,exact,/ndn/video/canal1/segment/001,exact,1.0000
59,edge_norte,/ndn/weather/region/norte/forecast/today,/ndn/video/canal2/segment/001 | /ndn/guide/canal2/now,/ndn/weather/region/norte/forecast/today,/ndn/weather/region/norte/forecast/today,exact,/ndn/weather/region/norte/forecast/today,exact,1.0000
60,edge_sur,/ndn/news/region/centro/item/001,/ndn/weather/region/sur/forecast/today | /ndn/weather/region/sur/forecast/today,/ndn/news/region/centro/item/001,/ndn/news/region/centro/item/001,exact,/ndn/news/region/centro/item/001,exact,1.0000
61,edge_centro,/ndn/guide/canal1/now,/ndn/weather/region/centro/forecast/today | /ndn/video/canal1/segment/001,/ndn/guide/canal1/now,/ndn/guide/canal1/now,exact,/ndn/guide/canal1/now,exact,1.0000
62,edge_norte,/ndn/news/region/norte/item/002,/ndn/guide/canal2/now | /ndn/weather/region/norte/forecast/today,/ndn/news/region/norte/item/002,/ndn/news/region/norte/item/002,exact,/ndn/news/region/norte/item/002,exact,1.0000
63,edge_sur,/ndn/weather/region/sur/forecast/today,/ndn/weather/region/sur/forecast/today | /ndn/news/region/centro/item/001,/ndn/weather/region/sur/forecast/today,/ndn/weather/region/sur/forecast/today,exact,/ndn/weather/region/sur/forecast/today,exact,1.0000
64,edge_centro,/ndn/video/canal1/segment/002,/ndn/video/canal1/segment/001 | /ndn/guide/canal1/now,/ndn/video/canal1/segment/002,/ndn/video/canal1/segment/002,exact,/ndn/video/canal1/segment/002,exact,1.0000
65,edge_norte,/ndn/weather/region/norte/forecast/today,/ndn/weather/region/norte/forecast/today | /ndn/news/region/norte/item/002,/ndn/weather/region/norte/forecast/today,/ndn/weather/region/norte/forecast/today,exact,/ndn/weather/region/norte/forecast/today,exact,1.0000
66,edge_sur,/ndn/video/canal1/segment/001,/ndn/news/region/centro/item/001 | /ndn/weather/region/sur/forecast/today,/ndn/video/canal1/segment/001,/ndn/video/canal1/segment/001,exact,/ndn/video/canal1/segment/001,exact,1.0000
67,edge_centro,/ndn/video/canal1/segment/001,,/ndn/video/canal1/segment/001,/ndn/video/canal1/segment/001,exact,/ndn/video/canal1/segment/001,exact,1.0000
68,edge_norte,/ndn/weather/region/norte/forecast/today,,/ndn/weather/region/norte/forecast/today,/ndn/weather/region/norte/forecast/today,exact,/ndn/weather/region/norte/forecast/today,exact,1.0000
69,edge_sur,/ndn/video/canal1/segment/002,/ndn/weather/region/sur/forecast/today | /ndn/video/canal1/segment/001,/ndn/video/canal1/segment/002,/ndn/video/canal1/segment/002,exact,/ndn/video/canal1/segment/002,exact,1.0000
70,edge_centro,/ndn/guide/canal1/now,/ndn/video/canal1/segment/001,/ndn/guide/canal1/now,/ndn/guide/canal1/now,exact,/ndn/guide/canal1/now,exact,1.0000
71,edge_norte,/ndn/news/region/norte/item/002,/ndn/weather/region/norte/forecast/today,/ndn/news/region/norte/item/002,/ndn/news/region/norte/item/002,exact,/ndn/news/region/norte/item/002,exact,1.0000
72,edge_sur,/ndn/guide/canal1/now,/ndn/video/canal1/segment/001 | /ndn/video/canal1/segment/002,/ndn/guide/canal1/now,/ndn/guide/canal1/now,exact,/ndn/guide/canal1/now,exact,1.0000
73,edge_centro,/ndn/video/canal1/segment/002,/ndn/video/canal1/segment/001 | /ndn/guide/canal1/now,/ndn/video/canal1/segment/002,/ndn/video/canal1/segment/002,exact,/ndn/video/canal1/segment/002,exact,1.0000
74,edge_norte,/ndn/weather/region/norte/forecast/today,/ndn/weather/region/norte/forecast/today | /ndn/news/region/norte/item/002,/ndn/weather/region/norte/forecast/today,/ndn/weather/region/norte/forecast/today,exact,/ndn/weather/region/norte/forecast/today,exact,1.0000
75,edge_sur,/ndn/video/canal1/segment/001,/ndn/video/canal1/segment/002 | /ndn/guide/canal1/now,/ndn/video/canal1/segment/001,/ndn/video/canal1/segment/001,exact,/ndn/video/canal1/segment/001,exact,1.0000
76,edge_centro,/ndn/news/region/centro/item/001,/ndn/guide/canal1/now | /ndn/video/canal1/segment/002,/ndn/news/region/centro/item/001,/ndn/news/region/centro/item/001,exact,/ndn/news/region/centro/item/001,exact,1.0000
77,edge_norte,/ndn/video/canal2/segment/001,/ndn/news/region/norte/item/002 | /ndn/weather/region/norte/forecast/today,/ndn/video/canal2/segment/001,/ndn/video/canal2/segment/001,exact,/ndn/video/canal2/segment/001,exact,1.0000
78,edge_sur,/ndn/guide/canal1/now,/ndn/guide/canal1/now | /ndn/video/canal1/segment/001,/ndn/guide/canal1/now,/ndn/guide/canal1/now,exact,/ndn/guide/canal1/now,exact,1.0000
79,edge_centro,/ndn/video/canal1/segment/002,/ndn/video/canal1/segment/002 | /ndn/news/region/centro/item/001,/ndn/video/canal1/segment/002,/ndn/video/canal1/segment/002,exact,/ndn/video/canal1/segment/002,exact,1.0000
80,edge_norte,/ndn/news/region/norte/item/002,/ndn/weather/region/norte/forecast/today | /ndn/video/canal2/segment/001,/ndn/news/region/norte/item/002,/ndn/news/region/norte/item/002,exact,/ndn/news/region/norte/item/002,exact,1.0000
81,edge_centro,/ndn/weather/region/sur/forecast/alias/000,/ndn/guide/canal1/now | /ndn/video/canal1/segment/002,/ndn/weather/region/sur/forecast/today,/ndn/weather/region/sur/forecast/alias/000,no_data,/ndn/weather/region/sur/forecast/today,recovered_correct_target,0.6634
82,edge_norte,/ndn/weather/region/sur/forecast/alias/001,/ndn/guide/canal1/now | /ndn/video/canal1/segment/002,/ndn/weather/region/sur/forecast/today,/ndn/weather/region/sur/forecast/alias/001,no_data,/ndn/weather/region/sur/forecast/today,recovered_correct_target,0.6634
83,edge_sur,/ndn/weather/region/sur/forecast/alias/002,/ndn/guide/canal1/now | /ndn/video/canal1/segment/002,/ndn/weather/region/sur/forecast/today,/ndn/weather/region/sur/forecast/alias/002,no_data,/ndn/weather/region/sur/forecast/today,recovered_correct_target,0.6634
84,edge_centro,/ndn/weather/region/sur/forecast/alias/003,/ndn/guide/canal1/now | /ndn/video/canal1/segment/002,/ndn/weather/region/sur/forecast/today,/ndn/weather/region/sur/forecast/alias/003,no_data,/ndn/weather/region/sur/forecast/today,recovered_correct_target,0.6634
85,edge_norte,/ndn/weather/region/sur/forecast/alias/004,/ndn/guide/canal1/now | /ndn/video/canal1/segment/002,/ndn/weather/region/sur/forecast/today,/ndn/weather/region/sur/forecast/alias/004,no_data,/ndn/weather/region/sur/forecast/today,recovered_correct_target,0.6634
86,edge_sur,/ndn/weather/region/sur/forecast/alias/005,/ndn/guide/canal1/now | /ndn/video/canal1/segment/002,/ndn/weather/region/sur/forecast/today,/ndn/weather/region/sur/forecast/alias/005,no_data,/ndn/weather/region/sur/forecast/today,recovered_correct_target,0.6634
87,edge_centro,/ndn/weather/region/sur/forecast/alias/006,/ndn/guide/canal1/now | /ndn/video/canal1/segment/002,/ndn/weather/region/sur/forecast/today,/ndn/weather/region/sur/forecast/alias/006,no_data,/ndn/weather/region/sur/forecast/today,recovered_correct_target,0.6634
88,edge_norte,/ndn/weather/region/sur/forecast/alias/007,/ndn/guide/canal1/now | /ndn/video/canal1/segment/002,/ndn/weather/region/sur/forecast/today,/ndn/weather/region/sur/forecast/alias/007,no_data,/ndn/weather/region/sur/forecast/today,recovered_correct_target,0.6634
89,edge_sur,/ndn/weather/region/sur/forecast/alias/008,/ndn/guide/canal1/now | /ndn/video/canal1/segment/002,/ndn/weather/region/sur/forecast/today,/ndn/weather/region/sur/forecast/alias/008,no_data,/ndn/weather/region/sur/forecast/today,recovered_correct_target,0.6634
90,edge_centro,/ndn/weather/region/sur/forecast/alias/009,/ndn/guide/canal1/now | /ndn/video/canal1/segment/002,/ndn/weather/region/sur/forecast/today,/ndn/weather/region/sur/forecast/alias/009,no_data,/ndn/weather/region/sur/forecast/today,recovered_correct_target,0.6634
91,edge_norte,/ndn/unmodeled/request/alias/010,/ndn/guide/canal1/now | /ndn/video/canal1/segment/002,,/ndn/unmodeled/request/alias/010,no_data,/ndn/weather/region/sur/forecast/today,false_positive,0.6634
92,edge_sur,/ndn/unmodeled/request/alias/011,/ndn/guide/canal1/now | /ndn/video/canal1/segment/002,,/ndn/unmodeled/request/alias/011,no_data,/ndn/weather/region/sur/forecast/today,false_positive,0.6634
93,edge_centro,/ndn/unmodeled/request/alias/012,/ndn/guide/canal1/now | /ndn/video/canal1/segment/002,,/ndn/unmodeled/request/alias/012,no_data,/ndn/weather/region/sur/forecast/today,false_positive,0.6634
94,edge_norte,/ndn/unmodeled/request/alias/013,/ndn/guide/canal1/now | /ndn/video/canal1/segment/002,,/ndn/unmodeled/request/alias/013,no_data,/ndn/weather/region/sur/forecast/today,false_positive,0.6634
95,edge_sur,/ndn/unmodeled/request/alias/014,/ndn/guide/canal1/now | /ndn/video/canal1/segment/002,,/ndn/unmodeled/request/alias/014,no_data,/ndn/weather/region/sur/forecast/today,false_positive,0.6634
96,edge_centro,/ndn/unmodeled/request/alias/015,/ndn/unseen/device/event/015,,/ndn/unmodeled/request/alias/015,no_data,,blocked_no_context,0.0000
97,edge_norte,/ndn/unmodeled/request/alias/016,/ndn/unseen/device/event/016,,/ndn/unmodeled/request/alias/016,no_data,,blocked_no_context,0.0000
98,edge_sur,/ndn/unmodeled/request/alias/017,/ndn/unseen/device/event/017,,/ndn/unmodeled/request/alias/017,no_data,,blocked_no_context,0.0000
99,edge_centro,/ndn/unmodeled/request/alias/018,/ndn/unseen/device/event/018,,/ndn/unmodeled/request/alias/018,no_data,,blocked_no_context,0.0000
100,edge_norte,/ndn/unmodeled/request/alias/019,/ndn/unseen/device/event/019,,/ndn/unmodeled/request/alias/019,no_data,,blocked_no_context,0.0000
