interest,related_interest,cosine_similarity
/ndn/guide/canal1/now,/ndn/weather/region/centro/forecast/today,0.531811
/ndn/guide/canal1/now,/ndn/weather/region/sur/forecast/today,0.506518
/ndn/guide/canal1/now,/ndn/video/canal1/segment/001,0.439545
/ndn/guide/canal2/now,/ndn/video/canal1/segment/001,0.291780
/ndn/guide/canal2/now,/ndn/news/region/centro/item/001,0.286791
/ndn/guide/canal2/now,/ndn/weather/region/norte/forecast/today,0.213607
/ndn/news/region/centro/item/001,/ndn/weather/region/norte/forecast/today,0.474804
/ndn/news/region/centro/item/001,/ndn/weather/region/sur/forecast/today,0.296359
/ndn/news/region/centro/item/001,/ndn/guide/canal2/now,0.286791
/ndn/news/region/norte/item/002,/ndn/news/region/centro/item/001,0.010752
/ndn/news/region/norte/item/002,/ndn/weather/region/centro/forecast/today,-0.040644
/ndn/news/region/norte/item/002,/ndn/weather/region/sur/forecast/today,-0.097253
/ndn/video/canal1/segment/001,/ndn/weather/region/sur/forecast/today,0.480027
/ndn/video/canal1/segment/001,/ndn/guide/canal1/now,0.439545
/ndn/video/canal1/segment/001,/ndn/video/canal1/segment/002,0.327294
/ndn/video/canal1/segment/002,/ndn/weather/region/sur/forecast/today,0.614849
/ndn/video/canal1/segment/002,/ndn/guide/canal1/now,0.422743
/ndn/video/canal1/segment/002,/ndn/weather/region/norte/forecast/today,0.399360
/ndn/video/canal2/segment/001,/ndn/guide/canal1/now,0.230116
/ndn/video/canal2/segment/001,/ndn/video/canal1/segment/002,0.210545
/ndn/video/canal2/segment/001,/ndn/news/region/centro/item/001,0.027724
/ndn/weather/region/centro/forecast/today,/ndn/guide/canal1/now,0.531811
/ndn/weather/region/centro/forecast/today,/ndn/video/canal1/segment/001,0.167206
/ndn/weather/region/centro/forecast/today,/ndn/video/canal1/segment/002,0.063795
/ndn/weather/region/norte/forecast/today,/ndn/news/region/centro/item/001,0.474804
/ndn/weather/region/norte/forecast/today,/ndn/weather/region/sur/forecast/today,0.464775
/ndn/weather/region/norte/forecast/today,/ndn/video/canal1/segment/002,0.399360
/ndn/weather/region/sur/forecast/today,/ndn/video/canal1/segment/002,0.614849
/ndn/weather/region/sur/forecast/today,/ndn/guide/canal1/now,0.506518
/ndn/weather/region/sur/forecast/today,/ndn/video/canal1/segment/001,0.480027
